,"J-S div (O-AR, 0)","J-S div (O-PR, 0)","J-S div (O-AR, 1)","J-S div (O-PR, 1)","Pearson (O-AR, 0)","Pearson (O-PR, 0)","Pearson (O-AR, 1)","Pearson (O-PR, 1)","Spearman (O-AR, 0)","p-value (O-AR, 0)","Spearman (O-PR, 0)","p-value (O-PR, 0)","Spearman (O-AR, 1)","p-value (O-AR, 1)","Spearman (O-PR, 1)","p-value (O-PR, 1)","RBO (O-AR, 0, red)","RBO (O-PR, 0, red)","RBO (O-AR, 1, red)","RBO (O-PR, 1, red)","RBO (O-AR, 0, syn)","RBO (O-PR, 0, syn)","RBO (O-AR, 1, syn)","RBO (O-PR, 1, syn)"
100307,0.05626440466554829,0.06016592456625873,0.028092057481054138,0.007994066810338492,0.8128419492226249,0.8124849452672667,0.7737812575455364,0.7937555856318429,0.7737773780550949,0.0,0.7550014505840578,0.0,0.7280795898591835,0.0,0.7653594428063777,0.0,0.7951079317143316,0.7947243361257981,0.7736366962195583,0.7823617801357987,0.7133398598008202,0.708227880623469,0.7119003573634402,0.7355013723747142
100408,0.009452299819090734,0.0415396067608147,0.06417913066354872,0.0398474272934056,0.8932808338226473,0.8872846380760832,0.7798532892781292,0.7737099893000293,0.901690051363602,0.0,0.902816153584646,0.0,0.7445401697496068,0.0,0.7460037612321503,0.0,0.8299338068029821,0.8230092506621027,0.777906159274081,0.7762335795945442,0.8133912973776427,0.8173563337015783,0.7160029409680289,0.717214469999665
101107,0.014521371547568631,0.02100557891815668,0.008950328515302204,0.007577117505686366,0.6179490625896272,0.710192027856122,0.733062939842824,0.7224853427043321,0.6271284048291361,0.0,0.726365153630606,0.0,0.7268298370411934,0.0,0.7175294690851788,0.0,0.68625462850772,0.7258134933790447,0.7163541038400691,0.711925514172207,0.7044236895239038,0.7434015038422581,0.7651668200278086,0.7619377591562365
101309,0.03453006329255618,0.010268696160797054,0.04972133440113922,0.02250531550674692,0.8046396288939817,0.8417003032807161,0.7890566213395253,0.8256919268942139,0.7999852956794118,0.0,0.8450516884900674,0.0,0.6930111209044448,0.0,0.7483317324292692,0.0,0.791665952115479,0.8093254705208653,0.7780778169186329,0.7989954225111408,0.7509517649477968,0.7833714009180583,0.6800772214476593,0.7098329742358406
101915,0.01922867997542079,0.002610307377608588,1.6691241880473668,2.1572505166372102,0.8507835090062185,0.8598941587823123,0.6938083434621461,0.6847563380264492,0.8516964554758581,0.0,0.8541921832236873,0.0,0.602799574767983,0.0,0.5878859311634372,0.0,0.8118207130573426,0.8189007607547852,0.735395433710007,0.7356256678664813,0.7985444805070567,0.8002262940741665,0.6553096960756271,0.6456399465391434
103111,3.8348854808544317,0.0819707214104589,0.027994348437958182,0.005949263093778971,0.6910154443211851,0.7343666287671893,0.6613016512032192,0.679357952982386,0.560222328616893,0.0,0.6544889206755566,0.0,0.4227563298382532,5.4426019244050754e-216,0.4330157383126295,1.1500829695690752e-227,0.7329698992038383,0.7556790979558274,0.7023635737727525,0.7091189211990362,0.6282007201285005,0.662777768170641,0.6044746697547452,0.6087049301776086
103414,0.11167809256863268,0.31298477728277957,1.780046083801144,0.6447011733038552,0.5982585990779693,0.650324294362296,0.6708451157187431,0.7017686038471649,0.4451460447818417,5.316655562209565e-242,0.48473911852556467,4.746358212465247e-293,0.5500456332658252,0.0,0.5912445073297802,0.0,0.696018440050345,0.7118954366093104,0.7277858326832464,0.7423856781874816,0.6073946481932305,0.619200936598261,0.6294582927627459,0.6411317816778447
103818,0.00177705150104258,0.021248247286807315,0.17486820278258017,0.010872064338662484,0.8350545819378642,0.857148064042497,0.7025049546810338,0.7485581002914244,0.8383703320628131,0.0,0.8649720844228833,0.0,0.6540594480503779,0.0,0.7030720163468807,0.0,0.80169617725406,0.8152165165930474,0.7415187280392735,0.7656188187319884,0.7766781046144514,0.7866824813849256,0.6761702891633752,0.696994633762443
105014,1.5451180701724734,1.6716151355202118,2.5186440825398675,0.041747719663080184,0.7251988341513609,0.7379895995491459,0.6655540300955658,0.7161911001575784,0.6236030941281236,0.0,0.638236977305479,0.0,0.5098799345711973,0.0,0.5290705409708216,0.0,0.7519615733709637,0.7599118293687682,0.7182589353279261,0.7360085901326247,0.6629075546858633,0.6696338115166669,0.6247731243081038,0.6332775005843074
105115,0.04847471545216594,0.02953653839329365,0.16350164028292177,0.07139367849581603,0.7665337054737157,0.8082480262917064,0.699743845780403,0.7401186116015408,0.7218715338028612,0.0,0.7753787650631505,0.0,0.6286142052405681,0.0,0.6573634865185394,0.0,0.7690825722181589,0.791194151716296,0.7386803616251547,0.7579186381241159,0.7048637243317832,0.7186600582501824,0.6567634269986063,0.671757680742701
106016,0.017819475673918762,0.019483257721881756,2.8327780605212736,0.05851991121740022,0.8753783617924454,0.8780601725612103,0.7216400039031016,0.7111912901031656,0.8304593328023732,0.0,0.8479740251829608,0.0,0.5882546907941876,0.0,0.5792518727380749,0.0,0.8235844302066342,0.828134084969114,0.7473594712985403,0.7468569140710161,0.7767439527907624,0.7844411765079122,0.6370219365707845,0.6315715998561219
108828,0.02474353554334284,0.022966902387403433,0.01647728063539251,0.052279545134642655,0.8680746255892945,0.8899867927544978,0.8821395184868883,0.8974697709756879,0.8831037560601501,0.0,0.9048178903687155,0.0,0.767070203962808,0.0,0.8007577434863096,0.0,0.8115666973487858,0.829361077408894,0.8213120161053538,0.8360673760307876,0.7965239549001214,0.8160754165190679,0.7060803325241439,0.7231541272095469
110411,0.018364885726489366,0.018479941033570056,0.05170824369577756,0.009222011451014572,0.853041413294175,0.866189191368915,0.8360774935907581,0.8595495256202894,0.8594310531932421,0.0,0.8717440989337638,0.0,0.8176047989441919,0.0,0.853942055693682,0.0,0.8031189817085493,0.812672698136124,0.8070130388530522,0.8221652924306986,0.8025570155217755,0.8158000823083809,0.7496394798818207,0.7803732662178526
111312,0.01970907129474677,0.11275810566895626,0.02054270107534501,0.12263391379429185,0.8850415051128876,0.8748172107019909,0.824004637068588,0.8213966408342865,0.8752565680982627,0.0,0.8663892218875688,0.0,0.8051798491671939,0.0,0.7835452804298111,0.0,0.8330879180746078,0.8288215978030034,0.7983026981541838,0.7975976909640629,0.7791980479413518,0.7771390187120387,0.7527472060320565,0.7422385059540276
111716,1.6896039184104912,1.8486973669035274,3.435458054358877,3.1017108876925805,0.6725075091056907,0.6780745090744353,0.6955124598361271,0.7290090956675909,0.5685406622296264,0.0,0.5654898453715937,0.0,0.6090190943767637,0.0,0.6238673324106931,0.0,0.7240208269169366,0.7305073335931749,0.7351079288622961,0.75519384891336,0.6400756789158681,0.6453777613969284,0.6533338361007227,0.6653347093149866
113619,0.06636881369674208,0.008665204334235718,0.005374455482760199,0.0030492053600962334,0.8349933145142535,0.8586580448680695,0.740867918169993,0.7593078222988099,0.7674057170642286,0.0,0.8110190711927627,0.0,0.5718652604426103,0.0,0.5809262093810483,0.0,0.8012656752348976,0.8215357123846636,0.7444594364854207,0.7541599998170793,0.7177562292883666,0.7481968194011999,0.6529067598685938,0.6423315192674562
113922,0.022625702257455776,0.05972688213827306,0.1056731211468297,0.02309645196327153,0.7895929505008482,0.7877101184152222,0.7490473599793637,0.7568557795869111,0.7931619335504771,0.0,0.7959358398374335,0.0,0.6640449658257985,0.0,0.6838138939125556,0.0,0.769788726859403,0.7708586543884951,0.7573641312590895,0.7649721372583379,0.7770284690882723,0.7691356479331083,0.6830051039251536,0.6908588697681969
114419,0.024918050647800432,0.005917047593962869,0.0013876215873781048,0.014759099088323761,0.8233822358144429,0.8539948867821965,0.7988416794675243,0.7981101079470315,0.8211375418695015,0.0,0.8362913397556536,0.0,0.6953466550778662,0.0,0.689731173925247,0.0,0.7984439484995838,0.8167640697403362,0.7826702720931776,0.78479970805001,0.7776268807443657,0.7799124753565773,0.682437440017156,0.6874346713778363
115320,0.005123670968175693,0.32736931811024705,0.0033113410766440975,0.28425458161544515,0.7092950202521826,0.7730529718015169,0.5555313514818458,0.5918152749079603,0.5087684142707365,0.0,0.5572880473155218,0.0,0.3442864934834597,3.842927523640303e-139,0.3531113156284526,9.322632578657936e-147,0.7273112565318621,0.753110828907036,0.6622209098701924,0.677897438262187,0.6211158178399725,0.6353563609521927,0.5869851211616176,0.5835188843761302
116524,0.03522246890624493,0.035944151785957494,0.06457885217716589,0.02334160153501868,0.772975399939186,0.8136672024849766,0.8093651404260296,0.7962359875599087,0.7633578877503154,0.0,0.8162687132267483,0.0,0.7898387881055514,0.0,0.757882429323297,0.0,0.7712414981239178,0.7906043736905951,0.7911903018555493,0.7856897724797377,0.7365878789300561,0.7619817217183705,0.7527706666205669,0.7310624104731291
117122,0.04598816487986056,0.007272824178122184,0.1445882204609964,0.05969432299930101,0.788231617002732,0.8138461105331952,0.7759435246794956,0.8329040314385386,0.775825079353003,0.0,0.799557953966318,0.0,0.6938281735771268,0.0,0.7782675958347037,0.0,0.7793573180905622,0.7955033939813915,0.7714264793440089,0.8051391101280243,0.7252317823850744,0.7367353638961347,0.6910824490959881,0.7272811082979508
118528,0.04631795561604732,0.15556977346696074,0.0634885553527555,1.9114203457691967,0.7308755080322552,0.7594014401482098,0.7285669019404075,0.7883601771676478,0.5124739217789568,0.0,0.5822975923799035,0.0,0.5538650096426002,0.0,0.6612425131697005,0.0,0.7294952501768358,0.7552591280352215,0.7362390714300001,0.7767982285056122,0.6387066050553942,0.6521612065784749,0.6554816762266968,0.6876820419204466
118730,0.007151217921851206,0.10267895268959908,0.22693082273754533,0.18804932877704444,0.7290668440321176,0.7197156594266045,0.6414100740933741,0.6626082623194738,0.5519514439660577,0.0,0.5417380158455206,0.0,0.4714575228903008,3.605871577221809e-275,0.492229403049176,1.7315437062156664e-303,0.7384609443098361,0.7392452994386005,0.7037056413089161,0.7180893368086042,0.6515506278236728,0.6449735294400503,0.6130515793105856,0.6220133199273603
118932,0.006119878651580358,0.0070711494620027664,0.004377899529151116,0.5346525752819351,0.737968586884752,0.8209765202318051,0.748832197864,0.7588369333784158,0.6785212552048501,0.0,0.7968991443879657,0.0,0.6923816389912655,0.0,0.6813237409809495,0.0,0.7547781241007222,0.7998220195719745,0.7649973183229093,0.7718387308940671,0.6879147929659514,0.7409745476886864,0.684739118050423,0.6726484393472674
120111,2.735711149329391,0.05077489222882456,0.1819985760340099,0.042045894070856134,0.7521882692601227,0.7748044688796197,0.6184576663584695,0.6462138661824555,0.6095031152601245,0.0,0.6336503895380154,0.0,0.5954737413229496,0.0,0.6226633826345352,0.0,0.7532747287493705,0.7676942166938253,0.704079932124642,0.7182841669594169,0.6632882150055268,0.6673032445227551,0.6574968855951089,0.6665997838390585
122317,0.13418642101922262,0.005199557493863052,0.035258117863453696,0.027057334795762812,0.7234255077256418,0.7506890815665791,0.6524342586691972,0.7048378941482091,0.657587649791506,0.0,0.6742461567298462,0.0,0.4393426195257047,4.537480055743266e-235,0.4839577488623099,5.627493046817223e-292,0.7512191820616075,0.7679828501472568,0.7016585313735731,0.72546429880155,0.6668434913434416,0.6790401204474531,0.6105399908571841,0.617308267201758
122620,0.004021748586157217,0.0021646844469328215,2.5688460324959115,2.905483068738262,0.6706857365937626,0.6794876679282444,0.661939129041914,0.7440422010928835,0.4382553482502139,8.717928199578845e-234,0.43904154748166185,1.0297237384111145e-234,0.5647395145255805,0.0,0.6344648373465934,0.0,0.6988296251574644,0.7049601022356843,0.7177838761177636,0.7574713327026569,0.6051898110602216,0.6005832477369613,0.6472249716603053,0.6651920222746732
123117,0.04231409651348353,0.028062180035388507,0.015978118327859663,0.1222759563184789,0.48004042327283103,0.467870740002455,0.5279636129552102,0.5087662511712104,0.3352310440012417,1.4000502204010032e-131,0.3130281496731259,4.299066241499549e-114,0.3589807097832283,5.858106104566034e-152,0.3300250138090005,2.3951921717967808e-127,0.6574592895903478,0.6535471400995937,0.6593155804923275,0.6511756373762623,0.5727796962611427,0.5746189244964002,0.5903265255693662,0.5843671143495054
123925,0.008477898389744911,0.0035663361414060863,0.003640945184405776,0.011301236816397348,0.822298856243802,0.8318100839015028,0.8364059827797798,0.8187226599704174,0.7887556314862251,0.0,0.7926611354184452,0.0,0.778539101221564,0.0,0.7573194848207793,0.0,0.8017150698952876,0.8048112808285118,0.807892172889325,0.7973908486293758,0.7420271120865138,0.7407428504981077,0.7322520758639218,0.7229828905617365
124422,0.03536935972287442,0.01514171806665968,0.020167274635770355,0.05392731658457158,0.7685553112864992,0.7975774974136132,0.6238657872600286,0.630940682538917,0.4971431955977278,0.0,0.5650136476245459,0.0,0.3887633285745331,4.242444054328671e-180,0.3896677420187096,5.322513712000067e-181,0.7326589339507716,0.756942241494964,0.6832317678101182,0.6818089382472692,0.6274832908065375,0.6506229304292327,0.5837309280077727,0.5911205124535486
125525,0.1336109001660415,0.045211249325080055,0.011156293082031542,0.00184609054053688,0.7858937795009486,0.8234891190265504,0.7505258832379211,0.7890547261341418,0.7582478275139128,0.0,0.8010278991131159,0.0,0.7409720075268803,0.0,0.7788771211710848,0.0,0.7797778538147178,0.8019843333244767,0.7596189324560257,0.7807802103202591,0.7215990587987026,0.7480118514140685,0.7227041682308577,0.7393440228484852
126325,0.017370908032542504,0.0060189621802348384,0.013282659827824738,0.0334042616663516,0.8177519023290853,0.8301726739442257,0.7132033565760119,0.7658898414461676,0.7837038294281531,0.0,0.7706896152115846,0.0,0.6602586076903443,0.0,0.6997179640847185,0.0,0.7968234709382317,0.8003653463854851,0.7477158003934538,0.7738135983266062,0.7277609447714183,0.71138073626071,0.6768975721410609,0.6842640432826289
127630,0.011377181016336078,0.03190023522433061,0.0032351598316883463,0.02796692623803809,0.823080169888175,0.8264851951323234,0.6217258998146086,0.6871151650607032,0.8323577381583095,0.0,0.8316840067713601,0.0,0.4238958804118351,2.8768813168141206e-217,0.5288264111370564,0.0,0.7908066768112165,0.7972830230205211,0.6956974822219988,0.7307910925600036,0.7748666787108663,0.7719513922405049,0.5968552463850577,0.6274209016264336
127933,0.30274164031880857,0.04110791495937276,0.3842805453400211,0.34426913810271553,0.6195368120103848,0.6414637673173684,0.8259503674724343,0.8142126239248887,0.45126676118667036,1.8532345578318334e-249,0.45108788591551535,3.0764727008986404e-249,0.7606030908401236,0.0,0.7400601749144069,0.0,0.6949873910149623,0.7048208402008818,0.8005575804487862,0.7948323916188236,0.6150028632010921,0.6123018657433867,0.7226592381396199,0.7165753742314734
128127,0.19540955800816717,0.8739812103242536,3.0841180833437534,0.011573569605171034,0.6937569452086715,0.7012817623912776,0.7276164596467668,0.7457061359847331,0.46638771929550865,1.5016325513073745e-268,0.4673962861198514,7.3890445021069145e-270,0.5756564299062571,0.0,0.6163096874683874,0.0,0.7136249880625545,0.7155112868618939,0.7420340069079516,0.7576654012091323,0.61621876325218,0.6209154336304098,0.6421042827554034,0.6585904078182767
128632,0.010245908045006264,0.06463007106331922,0.019421352521256506,0.014584242227064136,0.8147620086225952,0.8430138905221221,0.7945489538313039,0.8367970363150132,0.8184901151076045,0.0,0.8463169973406798,0.0,0.8026547041381882,0.0,0.8412742226429688,0.0,0.775987434920916,0.7902263008398223,0.7561256087065292,0.7861258740890267,0.7935428810507434,0.8090453744422113,0.7888308272918424,0.8119330576673212
129028,3.6149300638498816,3.2950631924863947,0.1415815381504189,0.05725507190491874,0.7370108702339351,0.7528287874850726,0.7369048870839294,0.7802982793979416,0.5719006110040243,0.0,0.5720467678418706,0.0,0.6692308962092358,0.0,0.6886832567953302,0.0,0.7411896994491447,0.7475345714577607,0.7549760646262914,0.7764735535499693,0.6418140226720433,0.6446343811714853,0.6761878532726701,0.6822434540327148
130013,2.8428547410215304,0.04350202559710174,0.0718299569700802,0.003919147761403439,0.6763164248362403,0.6873849728396225,0.4845605219975913,0.471804718974635,0.5806412950016517,0.0,0.583373276070931,0.0,0.3337247799409912,2.395662450739757e-130,0.34611281906051267,1.0685404042592265e-140,0.7257912698185679,0.7367761721102563,0.6501020896952763,0.6537045083088237,0.6590929928427967,0.6584184512873231,0.5810332056875654,0.5830716739225482
130316,0.023264734148095705,0.005274668918726095,0.015643881989612952,0.1524323189968866,0.7637951112730169,0.8195096693958279,0.6657636783331549,0.7222208715897888,0.7630118895284755,0.0,0.8192869288674771,0.0,0.5789762863910515,0.0,0.6487540316461612,0.0,0.7639611864447646,0.795962755208372,0.7252872473925381,0.7526833224733327,0.7433584711629894,0.7678218748295806,0.6555586919436501,0.6765935375469491
131217,0.04436276886611376,0.0805865461830086,0.07418522610307118,0.05922429542255329,0.8492692957189965,0.8593153314854661,0.7779579521399371,0.8222047743642578,0.7717632591905302,0.0,0.7921366559094661,0.0,0.7784282986891319,0.0,0.8087057711962309,0.0,0.8092202874034793,0.8168450204106512,0.7728167569711907,0.799321676794069,0.727477065850795,0.7383710997458057,0.7376140272315233,0.755691921765416
131722,0.0323514660870928,0.006067248609931854,0.04316589730015111,0.0362351667215922,0.8227106944306141,0.8217877408731105,0.7278780375258869,0.7807191224570152,0.8053306204372247,0.0,0.8219588720143547,0.0,0.7240500687060026,0.0,0.7803500655500025,0.0,0.7981700481870673,0.796776116189686,0.7484772291111128,0.776158207305884,0.7434656692403926,0.7535688774553626,0.7077754095213189,0.7436355341623788
133019,0.014964414059339147,0.01561500301989419,0.0190929633029055,0.08077834686783734,0.8155705753668877,0.8472524523799853,0.7714770343623272,0.7953857955078015,0.8144361485134458,0.0,0.8527569127022765,0.0,0.7765497638939904,0.0,0.7950379436415177,0.0,0.78538072190501,0.8001539843867944,0.7579700664034781,0.7791635661973444,0.7879454596735745,0.8147609569840282,0.7652419968717399,0.7654072591449295
133928,0.008115466893386703,0.022319548277526823,0.025037158091072875,0.008860625941941544,0.8360177935578815,0.868247909946202,0.6961693719730274,0.7244569113670574,0.8503773155830926,0.0,0.878785578255423,0.0,0.549162277326491,0.0,0.5783512152940485,0.0,0.7945083942626847,0.8177412584554422,0.7270332443795434,0.7432640493236243,0.7968936817769786,0.8193324015770486,0.6346797469442335,0.6479917543555984
135225,0.026909539206831645,0.008239689704738401,0.08970458902126002,0.0243659793605017,0.7902459416708559,0.8003862059870801,0.7699979076011572,0.7729801227553954,0.7777973645838945,0.0,0.8029850101994004,0.0,0.7189380957655238,0.0,0.7389875149355004,0.0,0.7790149022301999,0.7857014063932359,0.7693957422692129,0.7756759812120828,0.7359457967256376,0.7513376659999257,0.7033595354829436,0.7109989137374201
135932,0.19189182789863168,0.09320944477958491,0.005536858665703149,0.011043573131325828,0.8225606695287834,0.7863757894064328,0.8026385514960009,0.8089023140271947,0.8184908461476337,0.0,0.7696639389785574,0.0,0.7446327468733097,0.0,0.7446800274512011,0.0,0.798206273649644,0.782901950230468,0.7870974002074411,0.790811956544146,0.7522179597668041,0.7219272596392103,0.7143584884830303,0.7090490459461972
136833,0.004803190521908519,0.02080514875450503,0.10223085767661032,0.052489067994581015,0.7760985783858663,0.7880628180042907,0.797826044501841,0.8503812066056111,0.7473639898945594,0.0,0.7692956665478266,0.0,0.8070075361203013,0.0,0.8281089931243596,0.0,0.7706975670108862,0.7778416907478176,0.7902129600138179,0.8148270053269985,0.7430091152873891,0.7538250874777627,0.7606791500356961,0.763421261835618
138534,0.005262433463002264,0.04308564685210353,0.008307336438181072,0.04222444246175397,0.7661673359543666,0.8236078841339637,0.7801311027155832,0.8150321391147723,0.7463874091194963,0.0,0.802232027257281,0.0,0.7947729837269192,0.0,0.8096533379861335,0.0,0.7713151594721201,0.8012941749511789,0.7780405926493246,0.7964534398611427,0.7151267093643242,0.7340478343408532,0.750217384134771,0.7581073091737893
139637,0.0057539519765853735,0.0717079342048383,0.002146772439174482,0.038653034520471335,0.8561311500508364,0.8708088309489269,0.8633902065925099,0.8606974535707334,0.7863781711351268,0.0,0.8091177690367106,0.0,0.8612596935223876,0.0,0.8542602191944086,0.0,0.813348673646539,0.8244278261771296,0.8201051183791908,0.8189861434240345,0.7281740770397839,0.7411692503403028,0.7828755499141391,0.7732861753139512
140925,0.011622216921982865,0.0028885243585930467,0.10865288312982611,0.17437350273428545,0.7517030817440828,0.7821620645035982,0.7645680407373078,0.7644933633944799,0.6941770574630822,0.0,0.7198140957045638,0.0,0.726748351373934,0.0,0.7310911687316468,0.0,0.7605816295670739,0.7788758727844298,0.7713600121403316,0.7723317602359426,0.6951494738443021,0.7090953870755833,0.701401219129946,0.7038985489378108
144832,0.006457206920710411,0.07040611895341811,0.0067910949917535934,0.0017824969578389455,0.7780532321979284,0.7884479398459061,0.7215825409395419,0.7692178322867126,0.7420311005932438,0.0,0.7675484313419371,0.0,0.6335559863022394,0.0,0.6952651719066069,0.0,0.7749854023234906,0.7837699998451977,0.746471385978949,0.7732084950730834,0.7144299663218414,0.7231350757247773,0.6624031364337944,0.6905388481120778
146432,0.008021344486338625,0.2116048015045497,0.01013904599668079,0.017141684619511502,0.8017434959273002,0.836470040393657,0.7878903061444271,0.8314062171529669,0.8133816051752641,0.0,0.836663482042539,0.0,0.781256028242241,0.0,0.8240579762263189,0.0,0.7800808586564032,0.8011683274034941,0.7768581150054964,0.8043328582784575,0.7597653674887273,0.7692743472690607,0.7350721074464793,0.7617906659254053
147737,2.9519066691924998,3.498197031334974,2.0335504674107465,0.33610089548272837,0.7468047611051457,0.7429399356677339,0.7018868665318334,0.706816321651867,0.5962239668569586,0.0,0.5735794773111791,0.0,0.5858201342488053,0.0,0.5692972729158908,0.0,0.7529580063681276,0.7506624324472689,0.7385617692499046,0.7413188191678711,0.6432393202455313,0.6311901344460099,0.6408119343427752,0.6363383777032419
148335,0.131045010803519,0.05098123128042488,0.033911540357864436,0.2298157674018309,0.39140599128891146,0.4549167380726798,0.5977832049667536,0.6010741011109866,0.20776067295042688,7.00515841576044e-50,0.2803773482710939,5.576235638446966e-91,0.39220134743205387,1.5329557338243355e-183,0.41437583747103346,9.46374510214423e-207,0.6156981308428433,0.639301625019724,0.6853990254982284,0.6962831919738923,0.5429428361992923,0.5607295044957865,0.5869669202789748,0.5905861814983968
148840,0.022762356651805815,0.04914943466109159,0.02118985036070673,0.0876061728609196,0.7271113349755177,0.7742720307343877,0.5733956907409564,0.5961489539480318,0.7128836629473464,0.0,0.7675770449110817,0.0,0.3862008744880349,1.4670503813418787e-177,0.40913727278149087,4.1641201318738785e-201,0.7501823397106685,0.775423426618664,0.6753247897385366,0.6845346287824103,0.710334274269424,0.7289888884798568,0.590527303234774,0.5940734433201598
149337,0.030494317264838096,0.017266882291217804,0.017107094293473867,0.015013607346396996,0.7769448510220774,0.8024452973269316,0.7883412387727983,0.7857686906346961,0.7493850311274012,0.0,0.7638283762811351,0.0,0.7660501711860067,0.0,0.7647502366700095,0.0,0.7744130178917396,0.7868844429200326,0.7816886983709169,0.7807010258476592,0.7305141754605055,0.732167750483731,0.7322157260388276,0.7278872582442554
149539,0.01933844861731841,0.010615142001084482,1.8922393701785878,2.2966438931637567,0.7974443844531449,0.8253073217810707,0.7102251935573761,0.7102982295231538,0.7871666692786666,0.0,0.8028866137474645,0.0,0.5968540724821628,0.0,0.6083260392450414,0.0,0.7843348919188082,0.8018947130745054,0.7420423128407571,0.7465700461810901,0.7609933912773814,0.7696021496070321,0.6544238199945557,0.6561409450906646
149741,0.002700961919797959,0.06919734309257008,0.025351942119391895,0.0009232499837948841,0.7238417045677863,0.7692300263266444,0.7537699684932748,0.7584029744058823,0.7211411629896465,0.0,0.7603176636287065,0.0,0.6458248081049923,0.0,0.6616004316160171,0.0,0.7455682430236107,0.7719949689997908,0.7616783698780462,0.7671892549773873,0.7170781720443415,0.7291072956893736,0.6626901851449045,0.6752959625359684
151223,0.025189245524496362,0.013923597850101398,0.0548747334237546,0.013438136424447966,0.7143298206305547,0.7723873974670425,0.6613037714365498,0.7466887038165563,0.5657221569328862,0.0,0.6680927372517094,0.0,0.6360216081608642,0.0,0.6995036659641466,0.0,0.7367624680895987,0.7696147243150779,0.7239941797884255,0.7636556745702119,0.6314187336442123,0.6740916579657306,0.6791551424255582,0.6903796314125298
151526,0.0036541067287001357,0.006054476333493444,0.028393266551237875,0.03183400855195083,0.596316403930587,0.6345050431072954,0.6634008252017113,0.7484418408343004,0.397805775912231,3.060172350809694e-189,0.42677206798288264,1.637232553644558e-220,0.4834133745045349,3.1396605232328273e-291,0.563376577799063,0.0,0.6818799469572787,0.6923639752772192,0.7036364993873465,0.7434031141993862,0.6008641534215067,0.610019281703144,0.6373573312299817,0.6602743209196404
151627,3.729956657369011,0.004071508548519895,0.057776152434334996,0.027874608807482423,0.7565511626860731,0.7672428100030245,0.6973976954862001,0.6980225064368933,0.6304151368966053,0.0,0.6149633066145321,0.0,0.44657648688705937,9.917422319431764e-244,0.4465628658305146,1.0301588924206312e-243,0.7608032574569764,0.762770081420182,0.7108649266503808,0.7144204796104385,0.6641222255281642,0.6639467629980897,0.6136253109818394,0.6178284672701779
153025,0.020544055232875127,0.013352866436526209,0.007977895578805192,0.039112237345340146,0.7914810769014964,0.8235196728822192,0.7564414915624759,0.7829594899795216,0.7952111881284474,0.0,0.8238446068097841,0.0,0.7240366614414664,0.0,0.7715395481735817,0.0,0.7779799260142145,0.7987624613052442,0.7633258113169994,0.7790047261709548,0.7398672795797222,0.7620170869035151,0.7086002408381374,0.7334311387389394
154734,0.0020375140969572433,0.0074576018367018635,0.044231865661459424,0.0033746562533133496,0.7874628486140894,0.8119639971153404,0.7665388773390701,0.8153830501518216,0.7829597247583889,0.0,0.8014041639281665,0.0,0.7451139692605586,0.0,0.7839805223672207,0.0,0.7772744882988943,0.7894058065997156,0.7721345040610613,0.7976002944505319,0.7557648999360184,0.756281938324563,0.7168794150417569,0.7309783939092659
156637,0.07251465131194437,0.009585063173435038,1.7005897440975972,2.0973891366885558,0.8237274433866448,0.8158570642385286,0.6052515642494442,0.6343913551588627,0.8281468986298758,0.0,0.8210719109868764,0.0,0.5560886712675468,0.0,0.5501016024200641,0.0,0.7941854407260626,0.7895222470942674,0.7029307785694324,0.7113966816385964,0.7653827020089197,0.7638893607247065,0.6434827831639217,0.6447700687445965
159340,0.03324968938385264,0.07431468313735659,0.012490292485081949,0.022351131420363428,0.8365751422557635,0.8490416461501297,0.7954979460637934,0.7943612991009716,0.7242262070170481,0.0,0.7610640680745626,0.0,0.7260117184804687,0.0,0.7430256424890256,0.0,0.7991089790433673,0.809663897660907,0.7821062544385938,0.7816109602558423,0.6973907967761259,0.7138206525624743,0.7140716149981136,0.7065697601022357
160123,0.0559258392249259,0.013688681307083405,0.02824789919573635,0.08341097307373055,0.9197079486987085,0.9147492872822656,0.7706169527450972,0.7982156941939599,0.8614459301698372,0.0,0.892374027438961,0.0,0.7106056466002257,0.0,0.7615626730865068,0.0,0.8475646492758265,0.8522442861089646,0.7705384550645027,0.7902380919778724,0.7523658150615131,0.7808559831945103,0.6997711635000156,0.7230030192728892
161731,0.033815751747487466,0.07456101094354106,0.04547199549686187,0.004897538911560723,0.7931439965446285,0.8202980818227753,0.8252034752520847,0.8370464826735472,0.7524703951228159,0.0,0.7790125116085003,0.0,0.7906241602009663,0.0,0.8004636568825461,0.0,0.7845522509410212,0.7987192691758606,0.8002474740646707,0.811344860346312,0.7089076124413657,0.7174035088392776,0.7356670298063058,0.7340498831647015
162733,0.07116757021963172,0.19417795399694548,0.07641975820602695,0.02751979925681456,0.7958858214128025,0.7944858718449229,0.7964272722509204,0.793992202830408,0.725729903653196,0.0,0.756968578790743,0.0,0.7684503582900142,0.0,0.7602281218331248,0.0,0.7852148002167524,0.7906891107391245,0.7847791305569409,0.7813867127890971,0.7074299322168915,0.7249359031803723,0.7523695347762066,0.7488987832418295
163129,0.08172805883116474,0.011791013842176241,0.007198585711447811,0.006895918672858813,0.8828381150593805,0.8857730174250782,0.8598205318589585,0.8679666558852634,0.8632758225310329,0.0,0.8716871120834844,0.0,0.7958818683472746,0.0,0.8165188908687555,0.0,0.8347447231784206,0.8394380631577711,0.8171312730588496,0.8244238599463067,0.7714169764800812,0.773625728130767,0.7211527905167336,0.7309300880846806
176542,0.044966446931971694,0.010635143605479201,0.003144609947531027,0.017164539456869424,0.8310338530523984,0.8452468983343527,0.7996191010043068,0.8394709827066897,0.7557817125032684,0.0,0.7859998574879943,0.0,0.7635368933894756,0.0,0.8057510898940435,0.0,0.8024593124240154,0.8123454572548744,0.7871331656100018,0.8108933954261693,0.7006903029437656,0.7210070675280627,0.7153207001812942,0.7356692372520107
178950,0.028939001591942626,0.0037435200823691343,0.03706820973300426,0.009926330167949988,0.825710947428395,0.8495673484030452,0.8395430373732542,0.8457121371513994,0.7009147297005891,0.0,0.7526069062642761,0.0,0.8005473158938926,0.0,0.82179450167178,0.0,0.79040455532362,0.8085815439918198,0.8093270116905471,0.8136087307868742,0.6813251125067016,0.7012218780780715,0.7388294149622248,0.752261394896542
188347,0.0998657117632892,0.02825481726553286,0.016626153226083486,0.014701838091234806,0.7892276491228472,0.8102094497541398,0.7560573534829366,0.7808058040724343,0.7820186092647443,0.0,0.8055559873582395,0.0,0.7027892595675703,0.0,0.7168047390401895,0.0,0.7805259260058496,0.7917033842924663,0.7659623173583016,0.7774527428030786,0.7450379168950363,0.7578792766714582,0.6966460428232484,0.7001529131886007
189450,0.003961614126435679,0.03942025447021878,0.18210066197017366,0.012256309566607018,0.7824026221342704,0.8153138477827562,0.7522476063648643,0.7635774888521896,0.7045930982957238,0.0,0.7682931149877245,0.0,0.7652546794421871,0.0,0.7476765189630606,0.0,0.7718791151187574,0.7955762525199784,0.7600326130332118,0.7713226405057038,0.721509638715629,0.7437274807748295,0.7332102718998343,0.7245476366951951
190031,0.0154763004641606,0.007068168257848085,0.010620289875301836,0.00941013693036238,0.8454294300550801,0.8496380078990747,0.8805502516605248,0.9043958609251335,0.8600002557440101,0.0,0.863014178456567,0.0,0.8937784831111393,0.0,0.9168063436802536,0.0,0.8061000646356496,0.8092903810518283,0.8114455504304188,0.8274662688038239,0.7916131505636785,0.7942714587410877,0.8063448037406789,0.8288472673286562
192540,0.04328329205871145,0.02213624829653624,0.05078358196302436,0.012898351699833244,0.7999743397857934,0.7925588452072563,0.7634134958743845,0.7883257983725174,0.7923217999808719,0.0,0.7857957012878279,0.0,0.7191263109730524,0.0,0.7623954416318176,0.0,0.7363304041279439,0.737173362461697,0.7694461731107801,0.7851449506357447,0.7892596505192576,0.8002597027722737,0.7071133160492719,0.7258801491973345
196750,0.019420829778859998,0.2542566755090408,0.009569038530435423,0.09130127921084351,0.6509661548860658,0.6813728340227418,0.7318593645208361,0.7516721792907154,0.6097000753960029,0.0,0.6505396219255848,0.0,0.6524491587699662,0.0,0.65992075382083,0.0,0.7200028600873922,0.7325442417949253,0.7517136131733412,0.7617699200650906,0.6808138460439098,0.6901900244299827,0.6731826012434511,0.6700285588813324
198451,0.0172604853415671,0.006217803696668011,1.8099775093015307,1.4731297409970932,0.7425057093024721,0.7403333219768533,0.6748222148165759,0.7344121320549796,0.7143918636156744,0.0,0.7193063792362552,0.0,0.6092518732660748,0.0,0.66451350363654,0.0,0.7584865735806436,0.7584991515621267,0.7259946477042017,0.7562173002039715,0.7254228903809742,0.7340055293526041,0.6729883241097016,0.6902990288041123
199655,0.0018917422040712721,0.0661595726522175,0.07243558588993085,0.3391946215372872,0.8290085536033741,0.8411749817592146,0.48275222945119595,0.5668808550864531,0.7762163864086554,0.0,0.7883911334876453,0.0,0.28204942104197683,4.320050379193634e-92,0.3263243122529724,2.1805034727202177e-124,0.800955019073542,0.8093214223685183,0.6439937158363536,0.6672147278018252,0.7198958590875268,0.7276497089513513,0.5606694322265225,0.5748163918625026
201111,0.009860816604431211,0.06002494980931147,0.06642728145953641,0.016988024750224498,0.8004383091414701,0.8343620893132578,0.8141441861308332,0.820918234667509,0.7739948819997952,0.0,0.8233954996878199,0.0,0.7521303366132134,0.0,0.7613859542634381,0.0,0.7865780529775718,0.8053509868271491,0.7935063350455288,0.7963260412123712,0.7288219546217906,0.7509075034505097,0.7181629558594501,0.7215702196322105
208226,0.1637191669479468,0.11904634772806903,0.01874868759301205,0.06265990676587498,0.832104657122623,0.8563789511835826,0.7992102174042438,0.8303328808151578,0.7547472302858891,0.0,0.7841224358128973,0.0,0.7613625586785021,0.0,0.7851751998870078,0.0,0.8004027768733464,0.8155749757962335,0.7870213085869635,0.8054401836392743,0.7300482127664334,0.7458814228315601,0.7326433028790422,0.7400681191514454
211417,0.014009361912332083,0.006277097909149015,0.03441578778998396,0.04263070671901253,0.8583624353546576,0.8807291589187006,0.8036365208126153,0.8376247699217877,0.864193901863756,0.0,0.8860429624497184,0.0,0.7994471897378874,0.0,0.8493010053960401,0.0,0.8018373765241353,0.8128708264644195,0.7838199021816751,0.8011196167574227,0.8304673463374653,0.8499200373892493,0.7541503146311904,0.7864376276430424
211720,0.04105905234174077,0.008584324286212714,0.019431947421099837,0.05076800128956089,0.6835364346835555,0.7787114628963645,0.7787505098830526,0.7970927807646832,0.6750905151636205,0.0,0.7753113816044552,0.0,0.7845346455253858,0.0,0.802560531686421,0.0,0.7022425402457924,0.7443588716273469,0.7706105718366236,0.7818165453242427,0.7437929137910705,0.7913251991191764,0.7564473941779671,0.7626068152037174
212318,1.1618044315130533,0.4274885682494609,0.03606276086908872,0.048450422278270525,0.8099095411491458,0.8081423966738187,0.5890346668662797,0.5808862775580379,0.6505518792060752,0.0,0.6147112409404495,0.0,0.3406681558027262,4.329804074843774e-136,0.32299117426364693,9.303129696757945e-122,0.7766799585068485,0.7728503785117771,0.6700258644413053,0.6706283045746292,0.6642387145004512,0.650090746532044,0.5788607510707156,0.5790728496890164
214423,0.013550688729677138,0.0026451733187354658,0.021221440724062644,0.01857691481348011,0.7892824872334984,0.846510496904622,0.6956723422167467,0.7271924207873267,0.7930872469874899,0.0,0.8523199437247976,0.0,0.677507431228297,0.0,0.7176120082564802,0.0,0.7663658243239464,0.7952830734702746,0.7294208627375681,0.7457147188574506,0.7725771203850005,0.8173445697570068,0.7126151906706308,0.7344452053401924
221319,0.040669074654006696,0.026499015180014206,3.4603129564080812,0.005634301998286777,0.8749166680885032,0.899709834085437,0.7518159187331407,0.7608236553276105,0.8447650433266015,0.0,0.8726477435139096,0.0,0.6111674915186996,0.0,0.6133811739432469,0.0,0.8292381452986906,0.8411817296328682,0.7562885411435835,0.7620307882308038,0.745887933903282,0.7555947394662339,0.6525534814970592,0.6517984015051714
239944,0.1303673143286764,0.009032383243628424,0.06791415889477798,0.14847871774746318,0.5050078121795752,0.49704577926917703,0.5477934264958484,0.5913182696785433,0.3858845388273815,3.0081097914083366e-177,0.3515611539344461,2.113556681380994e-145,0.3980297302891891,1.801680362916399e-189,0.4346797109871884,1.3450908471070225e-229,0.666891101244764,0.6618982820435225,0.6774276357483797,0.6945452258596418,0.59391240716223,0.580168020210413,0.5938866079257509,0.605426296082693
245333,0.12635959536366584,0.07183211444986834,0.0037798047489315204,0.1720631203520535,0.4602444166693184,0.49185313707582956,0.7481360160574791,0.7529361346815229,0.29458474730338985,1.148562797449443e-100,0.3251526835661073,1.8486038808214568e-123,0.7092403990576158,0.0,0.6819734449109376,0.0,0.6388081843239457,0.6557243919835133,0.7655936516532037,0.766870301573767,0.5694566655437356,0.5756850254218896,0.6919853533121436,0.679750540886705
280739,0.05299847395364731,0.0015415877789104109,0.10542184303465912,0.2724547244507959,0.6674455421045004,0.6687865071201269,0.7789368612713119,0.8282410151242005,0.45650256155610236,5.8361266586912e-256,0.467554727886189,4.599502584911685e-270,0.7002090463443618,0.0,0.7720201308168051,0.0,0.7087849385836306,0.7144611497495185,0.7735671405341872,0.8007224288835442,0.6104877068440986,0.6141824525932326,0.6799025094983806,0.7171171697336214
298051,0.042099293305437366,0.010416829576297363,0.013991853131737704,0.01922427024330453,0.806990244252697,0.8210912700986325,0.7963574881042577,0.8376293769736985,0.7600264796810591,0.0,0.7777521983100878,0.0,0.7273864824074592,0.0,0.7740338676973546,0.0,0.7888492398418547,0.7994513715478683,0.7827479485544158,0.80947631288855,0.7108819795515138,0.7167978117330973,0.7017712785810405,0.7239583753994906
366446,0.2815010383386698,0.10760832549696162,0.016009323694048647,0.004610080089560501,0.6099768581397588,0.6340792958754036,0.6649889727802235,0.7099795254976781,0.5507711968788477,0.0,0.5576167356806693,0.0,0.6411791255191649,0.0,0.6928077377923094,0.0,0.7048128628397965,0.7162954411492245,0.7241362504349435,0.7450690074540567,0.6368777353112237,0.6349791848578296,0.6851643020973813,0.7058038375150661
397760,0.2440946416353254,0.13727871859307428,0.03819179557901756,0.04454676097984993,0.6405890839210358,0.6294313310302476,0.5513276060801852,0.6699507281807666,0.48071017884440703,1.5280860696962576e-287,0.46652008467680334,1.0119383997382916e-268,0.35604448409777933,2.41991451856137e-149,0.4858818311472732,1.2610219164261603e-294,0.7104514807614385,0.7055296811251953,0.6676366222690612,0.7174123966644462,0.6080831655538097,0.6101783132449946,0.5870190358765921,0.6139304736667169
414229,0.06922691804941998,0.011596093465935441,0.02241338114663191,0.03457650247654338,0.7754001641243162,0.811747094566565,0.8025897140541319,0.8163281274415126,0.7667260654530426,0.0,0.8102399589695983,0.0,0.7848000323520012,0.0,0.8173365902934634,0.0,0.7732326161408342,0.7938039685493156,0.7894824065259884,0.7943787126064376,0.7407536621720495,0.7572749621747178,0.7365539421067455,0.7585836560663236
499566,0.03671830096162734,0.05415223225718911,0.14920160002652294,0.016934671071357186,0.7924037785283342,0.8278731647743303,0.7228722804749002,0.8005337125954963,0.7731294699971787,0.0,0.8178976335159052,0.0,0.6335380659815226,0.0,0.7403063319802532,0.0,0.789964687959281,0.8036835696629044,0.7512229396349334,0.7918690908489115,0.7189691748643526,0.7410179405924204,0.6754868906903684,0.705817489082012
654754,0.14123578119926056,2.9009872244207418,0.3364999889154533,0.0944559936732777,0.665513211146415,0.7700528650326216,0.7352122437087322,0.7608715200917698,0.5426312414492496,0.0,0.6786056898962275,0.0,0.5905767376390695,0.0,0.6643391378695653,0.0,0.7244155400819919,0.7703296783228293,0.7439277759446373,0.7664449181220285,0.6385835771924593,0.6843719572816835,0.6803695677416637,0.7007273223687316
672756,0.02787839958296741,0.10444698861355134,0.03976345084161503,0.0021023790697153387,0.7171250497238267,0.7548119765373996,0.7437738795579744,0.7881855503165704,0.691324801444992,0.0,0.7380797874751913,0.0,0.7213350896214036,0.0,0.7726445890497835,0.0,0.7488582180551628,0.7681723922263272,0.7597518549515133,0.7810925265540153,0.6913765471428782,0.7140935950074847,0.7076752393779868,0.732577817316068
751348,0.022886187357334987,0.004289263159177974,0.08513477645621134,0.1932487196096629,0.7955029938533871,0.8371886888167628,0.8115267510337032,0.8282386228525516,0.8039583416623335,0.0,0.8462763103310522,0.0,0.795713652532546,0.0,0.8155607489104298,0.0,0.7789183155069385,0.8003509496132047,0.7908172528733248,0.8029662468506763,0.7690350081011403,0.7883438622826757,0.747865170564073,0.7587076737626001
756055,0.1217011691435423,0.057223149579470736,0.07574631694445022,0.035671434203439135,0.7318777572441906,0.778254980202444,0.824308554668387,0.8459549525824184,0.6868496127539845,0.0,0.7143775061431002,0.0,0.7427859014874361,0.0,0.7777322576692901,0.0,0.7525478429907054,0.7744454435111461,0.7965459793896809,0.8110308437768131,0.6990784001384259,0.7094168800259217,0.706635334801779,0.7218524279284044
792564,0.11101532551762139,0.07026367406912196,0.04101881882959105,0.043271453468989945,0.7306400692884213,0.7353439592904595,0.8173103452864352,0.8314089070544035,0.7154790798831631,0.0,0.7218917622516704,0.0,0.8204642654265705,0.0,0.8260130609445223,0.0,0.7563994928208408,0.7552297939807516,0.7876265430608697,0.8015782393166662,0.6972182877466423,0.6936704330268132,0.791699698787075,0.7837047263176177
856766,0.0038336397139964087,2.3735763792203053,3.2964494352429794,0.11421599990107671,0.6537349603466076,0.6967270905483997,0.766726523170262,0.7375534553606198,0.5135303752292149,0.0,0.5690716654188666,0.0,0.6594523796900951,0.0,0.6196631279225251,0.0,0.709449887474726,0.7342198503445215,0.7637015599800405,0.7557554268748599,0.624417196191826,0.6422251071118901,0.6785943832950742,0.6614225378900924
